,Date,Perc_Dif
0,2015-01-02,-0.7099867997170924
1,2015-01-05,-1.7573639826424994
2,2015-01-06,-1.5074637388174608
3,2015-01-07,-0.26115336302921877
4,2015-01-08,1.4105069287984437
5,2015-01-09,-0.7108574894155254
6,2015-01-12,-0.7439602953973561
7,2015-01-13,-0.46538927914629663
8,2015-01-14,0.18375236348833593
9,2015-01-15,-1.0370944088180338
10,2015-01-16,1.6621991491120132
11,2015-01-20,-0.5162551415384565
12,2015-01-21,0.7833639024617205
13,2015-01-22,1.284248578138442
14,2015-01-23,0.034618567512832654
15,2015-01-26,0.7062812517152195
16,2015-01-27,-0.2360833352406321
17,2015-01-28,-1.9742804301710284
18,2015-01-29,-0.019555873812947804
19,2015-01-30,-0.03489048325671754
20,2015-02-02,0.40215468377967356
21,2015-02-03,1.3622136853446132
22,2015-02-04,0.08576892756991499
23,2015-02-05,0.46808441040080523
24,2015-02-06,0.07978245620679762
25,2015-02-09,0.5628331824073021
26,2015-02-10,0.45835181711255457
27,2015-02-11,0.07727120754942225
28,2015-02-12,0.6860032741964744
29,2015-02-13,0.9761996133385578
30,2015-02-17,0.2678128701891877
31,2015-02-18,-0.06516998069684074
32,2015-02-19,0.005020105346856851
33,2015-02-20,0.4410695880771871
34,2015-02-23,-0.10430180095856942
35,2015-02-24,0.51322546720694
36,2015-02-25,0.7172929096030217
37,2015-02-26,0.2445539504402146
38,2015-02-27,-0.20078685112700465
39,2015-03-02,1.2737560489442072
40,2015-03-03,0.0011676164157144342
41,2015-03-04,-0.14953264084335233
42,2015-03-05,-0.4152111753217416
43,2015-03-06,-0.8058425390696234
44,2015-03-09,-0.08227337227998403
45,2015-03-10,-1.2313241321201658
46,2015-03-11,-0.19694374662961717
47,2015-03-12,1.1853672838333096
48,2015-03-13,-0.39067412276468527
49,2015-03-16,0.518894953717941
50,2015-03-17,0.004918168186159366
51,2015-03-18,1.2278541009000563
52,2015-03-19,0.05538971095340708
53,2015-03-20,0.16154371473586943
54,2015-03-23,-0.0919097107595187
55,2015-03-24,0.06370231406884899
56,2015-03-25,-2.1215270187933877
57,2015-03-26,-0.03903977866540742
58,2015-03-27,0.3476804218374632
59,2015-03-30,0.21988906521213308
60,2015-03-31,-0.47754196109204716
61,2015-04-01,-0.3805849499566992
62,2015-04-02,0.8421215926594598
63,2015-04-06,1.0037492210346672
64,2015-04-07,-0.1406527909336483
65,2015-04-08,0.6288967216719662
66,2015-04-09,-0.2553539561056094
67,2015-04-10,0.09125624994487799
68,2015-04-13,-0.2418704812117458
69,2015-04-14,0.0783369762949362
70,2015-04-15,-0.014805539057578709
71,2015-04-16,0.38194483779032057
72,2015-04-17,-0.470972766605242
73,2015-04-20,0.5073290001174933
74,2015-04-21,-0.1344964541168276
75,2015-04-22,0.40741101837453436
76,2015-04-23,0.3491618104947619
77,2015-04-24,-0.3571370032331934
78,2015-04-27,-0.983023098639484
79,2015-04-28,0.06795338952416506
80,2015-04-29,0.2838861766093502
81,2015-04-30,-0.9126242530964517
82,2015-05-01,0.7200122125878912
83,2015-05-04,0.12137461866465324
84,2015-05-05,-1.1945460334675864
85,2015-05-06,-1.0095037352219087
86,2015-05-07,0.043669955702476115
87,2015-05-08,-0.24602177845934334
88,2015-05-11,0.01263696356859123
89,2015-05-12,0.12647800793964256
90,2015-05-13,-0.36361711974695227
91,2015-05-14,0.41483098782709593
92,2015-05-15,0.3886175148354077
93,2015-05-18,0.7554915579684607
94,2015-05-19,0.14376769054762503
95,2015-05-20,-0.10726956235198273
96,2015-05-21,0.5290185899852515
97,2015-05-22,-0.15347735024286108
98,2015-05-26,0.007831992349989835
99,2015-05-27,1.0568920965891464
100,2015-05-28,-0.29379760830771345
101,2015-05-29,-0.21496435286842713
102,2015-06-01,0.028808329994352178
103,2015-06-02,0.3007078247567669
104,2015-06-03,0.19245415125923146
105,2015-06-04,-0.3958210103719092
106,2015-06-05,0.2676409624956365
107,2015-06-08,-0.9359686688898016
108,2015-06-09,-0.29946025644036306
109,2015-06-10,0.5583637458819821
110,2015-06-11,-0.11603473314820516
111,2015-06-12,-0.20231073117155257
112,2015-06-15,0.08798075601981832
113,2015-06-16,0.3533795254677348
114,2015-06-17,0.12119189410987877
115,2015-06-18,0.8765692692333665
116,2015-06-19,-0.026057086386610778
117,2015-06-22,0.31315808345089413
118,2015-06-23,0.1765312033892287
119,2015-06-24,-0.839262749024213
120,2015-06-25,-0.4559094622167413
121,2015-06-26,-0.1684667976283574
122,2015-06-29,-1.4957416975561952
123,2015-06-30,-0.5573553873171736
124,2015-07-01,-0.08351488198505326
125,2015-07-02,-0.3323164248075117
126,2015-07-06,0.20132427826028856
127,2015-07-07,0.40357647800240226
128,2015-07-08,-0.8001905526827298
129,2015-07-09,-0.5726931052177584
130,2015-07-10,0.41302705868146095
131,2015-07-13,0.8256864275868543
132,2015-07-14,0.30877743911548955
133,2015-07-15,-0.3051796295635903
134,2015-07-16,0.807883496085289
135,2015-07-17,0.38397072082538203
136,2015-07-20,0.11675456455753197
137,2015-07-21,-0.4953848459620199
138,2015-07-22,0.570892092566522
139,2015-07-23,-1.0424167003955764
140,2015-07-24,-0.919587400204985
141,2015-07-27,-0.7709234098785162
142,2015-07-28,0.21372738645433143
143,2015-07-29,0.2678453568371733
144,2015-07-30,0.890508926397637
145,2015-07-31,-0.06208527827805077
146,2015-08-03,-0.2847690961032168
147,2015-08-04,0.6156596438809602
148,2015-08-05,-1.0811644310651043
149,2015-08-06,-1.055606740450333
150,2015-08-07,-0.33264675441790437
151,2015-08-10,0.15364654824514612
152,2015-08-11,-0.2511320880733111
153,2015-08-12,0.907194833146028
154,2015-08-13,0.04286179140746654
155,2015-08-14,0.0447067908252267
156,2015-08-17,1.4233076971744496
157,2015-08-18,-0.4073763012432086
158,2015-08-19,-0.5225310739566595
159,2015-08-20,-2.655444039722051
160,2015-08-21,-1.3361888198652756
161,2015-08-24,2.7832353511675674
162,2015-08-25,-3.8470641300458093
163,2015-08-26,0.8998845630257225
164,2015-08-27,0.8833173950830121
165,2015-08-28,0.7912641993485159
166,2015-08-31,-0.7687095562695434
167,2015-09-01,-0.6853763376360057
168,2015-09-02,0.12731885823025624
169,2015-09-03,0.10042892837790358
170,2015-09-04,0.04809543015190384
171,2015-09-08,0.3100467615134009
172,2015-09-09,-1.7726628776991933
173,2015-09-10,0.2957369195043901
174,2015-09-11,0.7294198327673067
175,2015-09-14,-0.5455212172406071
176,2015-09-15,1.2455107523248385
177,2015-09-16,0.8357397943654222
178,2015-09-17,0.7471959414645581
179,2015-09-18,-0.3484139481975378
180,2015-09-21,0.12525397770557042
181,2015-09-22,-0.11529222565539746
182,2015-09-23,-0.31572249750994436
183,2015-09-24,0.48279779105535586
184,2015-09-25,-1.3812613500268114
185,2015-09-28,-2.7148956278854843
186,2015-09-29,-1.0340356077363517
187,2015-09-30,1.1895275655693507
188,2015-10-01,0.08218859852402394
189,2015-10-02,3.189145926638841
190,2015-10-05,1.4838996132167597
191,2015-10-06,-0.23863362933172855
192,2015-10-07,0.09245611812148356
193,2015-10-08,1.596446902830365
194,2015-10-09,-0.1613722888249798
195,2015-10-12,0.3724287742411408
196,2015-10-13,0.2691576757312638
197,2015-10-14,-0.3099496888639618
198,2015-10-15,0.8977070720304896
199,2015-10-16,0.1808713895519592
200,2015-10-19,0.6774280543728491
201,2015-10-20,-0.2885244243818299
202,2015-10-21,-1.5636586794760168
203,2015-10-22,1.213901908200063
204,2015-10-23,0.0975724115386159
205,2015-10-26,0.12108568616487933
206,2015-10-27,-0.23907630250478404
207,2015-10-28,1.0066254310795173
208,2015-10-29,0.6454292907501404
209,2015-10-30,-0.4219383477584614
210,2015-11-02,0.49541447529702587
211,2015-11-03,0.21172968469147327
212,2015-11-04,-0.41125755067462216
213,2015-11-05,-0.6343216919227651
214,2015-11-06,-0.17111423110052065
215,2015-11-09,-0.8238705561833616
216,2015-11-10,0.7660505391422009
217,2015-11-11,-0.0539157063134693
218,2015-11-12,-0.10012253833546125
219,2015-11-13,-1.2799110731068475
220,2015-11-16,1.5175077049492454
221,2015-11-17,0.07922069180023336
222,2015-11-18,1.0263368773427224
223,2015-11-19,0.535280156114995
224,2015-11-20,0.4187282858134556
225,2015-11-23,-1.0054386561276476
226,2015-11-24,0.11558671021574154
227,2015-11-25,0.4149940592994866
228,2015-11-27,-0.002954355539979754
229,2015-11-30,-0.9751016329050867
230,2015-12-01,0.8158450300972098
231,2015-12-02,-0.8653080635671568
232,2015-12-03,-2.0930617468276678
233,2015-12-04,1.8035846007984346
234,2015-12-07,0.05138343618784449
235,2015-12-08,0.2298356541540568
236,2015-12-09,-1.1239774057892655
237,2015-12-10,0.14776049365720725
238,2015-12-11,-0.9348135306023314
239,2015-12-14,0.29304044227459497
240,2015-12-15,0.23110410515380514
241,2015-12-16,1.0153482017853401
242,2015-12-17,-1.6497181167293575
243,2015-12-18,-1.3002436782407703
244,2015-12-21,-0.3240908622963806
245,2015-12-22,0.2175921418634164
246,2015-12-23,0.26150188806285224
247,2015-12-24,-0.019620775595919134
248,2015-12-28,0.26206778807761066
249,2015-12-29,0.3390937420528013
250,2015-12-30,-0.8499616472021689
251,2015-12-31,-0.5905420077820676
252,2016-01-04,-0.028427953183859
253,2016-01-05,-0.420969209470435
254,2016-01-06,1.3972447242017618
255,2016-01-07,-0.28266256252223415
256,2016-01-08,-1.03360859768018
257,2016-01-11,-0.16145421558382952
258,2016-01-12,0.3704786876585796
259,2016-01-13,-3.5462216804809152
260,2016-01-14,1.7416621627226991
261,2016-01-15,0.8342620432974407
262,2016-01-19,-0.9291376717170357
263,2016-01-20,0.12974717476291503
264,2016-01-21,0.5023853854606353
265,2016-01-22,0.5316324665967728
266,2016-01-25,-1.0865289272246499
267,2016-01-26,1.3029828711419695
268,2016-01-27,-1.4755955279945543
269,2016-01-28,-0.269333170723441
270,2016-01-29,1.4670618583507928
271,2016-02-01,1.0078319983087947
272,2016-02-02,-2.186132639653878
273,2016-02-03,-0.2536201786504345
274,2016-02-04,-0.975583275070661
275,2016-02-05,-2.768168648767767
276,2016-02-08,-0.34789758749505656
277,2016-02-09,1.3433671833933467
278,2016-02-10,-0.017251183004355082
279,2016-02-11,1.199281032327291
280,2016-02-12,0.4738282820864212
281,2016-02-16,0.5623818487663785
282,2016-02-17,0.608897622635136
283,2016-02-18,-0.9822194582323688
284,2016-02-19,0.6045344650496448
285,2016-02-22,1.0982356809740854
286,2016-02-23,-0.8053329266612772
287,2016-02-24,1.9284634899718605
288,2016-02-25,0.6980995398784013
289,2016-02-26,-0.18136632885417808
290,2016-02-29,-0.235864039640169
291,2016-03-01,1.916890376885944
292,2016-03-02,0.3958397834032167
293,2016-03-03,0.2526767998726295
294,2016-03-04,-0.3900606834549819
295,2016-03-07,0.3968904147391316
296,2016-03-08,-0.5643867105212621
297,2016-03-09,0.17919279146188713
298,2016-03-10,-0.659884771026817
299,2016-03-11,0.8384836657898178
300,2016-03-14,0.02511715920303618
301,2016-03-15,0.5220398268661809
302,2016-03-16,2.015197380118759
303,2016-03-17,0.6238096511238747
304,2016-03-18,-0.8142961029231011
305,2016-03-21,0.4426149481326682
306,2016-03-22,0.5191974837471428
307,2016-03-23,-0.5381862254629146
308,2016-03-24,0.7264719350771609
309,2016-03-28,0.4897136463619628
310,2016-03-29,1.5623955679589203
311,2016-03-30,-0.6383001289404925
312,2016-03-31,0.10888597270626335
313,2016-04-01,1.8272555201472958
314,2016-04-04,-0.6796353620904597
315,2016-04-05,-0.16035442916275727
316,2016-04-06,0.6874509553629179
317,2016-04-07,-1.0059414517143475
318,2016-04-08,-1.0746704488864576
319,2016-04-11,-1.0721413196595342
320,2016-04-12,0.657701465488589
321,2016-04-13,0.6253420617827831
322,2016-04-14,-0.16604167108042173
323,2016-04-15,0.5698624789632636
324,2016-04-18,0.5962488978641762
325,2016-04-19,-0.48589359662062287
326,2016-04-20,-0.44944585652849894
327,2016-04-21,-0.0387632568635436
328,2016-04-22,0.10516700809775884
329,2016-04-25,0.09219436893245123
330,2016-04-26,-0.5844518723942669
331,2016-04-27,-0.27300725703510287
332,2016-04-28,-0.7272248158956255
333,2016-04-29,-0.1922025154982991
334,2016-05-02,0.9661585351601627
335,2016-05-03,-0.8252762689261546
336,2016-05-04,0.5679239841565136
337,2016-05-05,0.10635611092017741
338,2016-05-06,1.5883894992948018
339,2016-05-09,-0.3314155927339868
340,2016-05-10,1.2542872925808088
341,2016-05-11,-0.07753927860379825
342,2016-05-12,-0.9214243895458051
343,2016-05-13,-0.47432061376924517
344,2016-05-16,0.20807676709667255
345,2016-05-17,-0.8024755897736056
346,2016-05-18,-0.4871911672319412
347,2016-05-19,0.36054316116275015
348,2016-05-20,0.9076643982404706
349,2016-05-23,-0.4047690228277025
350,2016-05-24,1.1175619109124626
351,2016-05-25,0.24185479839008867
352,2016-05-26,-0.15011749099773466
353,2016-05-27,0.8525111576986916
354,2016-05-31,0.19797804464839472
355,2016-06-01,-0.017048214790833703
356,2016-06-02,0.5910806989217372
357,2016-06-03,-0.5000223416255543
358,2016-06-06,0.06624012639293198
359,2016-06-07,0.07222537557075341
360,2016-06-08,0.23513606509496507
361,2016-06-09,0.2614454355157361
362,2016-06-10,-0.31545824669379063
363,2016-06-13,-0.3469481975130399
364,2016-06-14,0.7934253946332908
365,2016-06-15,-0.20461765349854538
366,2016-06-16,0.28701680886681924
367,2016-06-17,-0.8108844953320112
368,2016-06-20,-0.22036376353663326
369,2016-06-21,-0.03953236199092319
370,2016-06-22,0.125396062132288
371,2016-06-23,0.48301997125517354
372,2016-06-24,-0.5127316320903825
373,2016-06-27,-1.2349529126203613
374,2016-06-28,0.43587928772932266
375,2016-06-29,1.2008629209588746
376,2016-06-30,1.2623599045552036
377,2016-07-01,0.6569280845805836
378,2016-07-05,-0.19016926642258136
379,2016-07-06,0.7011737225892921
380,2016-07-07,0.4225851596868549
381,2016-07-08,0.7427903096333335
382,2016-07-11,0.41275349822840346
383,2016-07-12,0.3342523061071853
384,2016-07-13,-0.5384491299123639
385,2016-07-14,-0.10344150574267223
386,2016-07-15,-0.5292159311583216
387,2016-07-18,0.4519651329669875
388,2016-07-19,0.20824439832308655
389,2016-07-20,0.0681399814947494
390,2016-07-21,-0.41462803165729517
391,2016-07-22,0.7080187717965538
392,2016-07-25,0.06919907022444798
393,2016-07-26,0.14425860077952546
394,2016-07-27,-0.19439822294507308
395,2016-07-28,-0.3463599795232544
396,2016-07-29,0.42972416988960793
397,2016-08-01,0.1586112737677126
398,2016-08-02,-0.7033230925286376
399,2016-08-03,0.500915767972284
400,2016-08-04,0.13502634983083242
401,2016-08-05,0.2545928899950861
402,2016-08-08,-0.29999916859026154
403,2016-08-09,0.7003891117021573
404,2016-08-10,0.025319378438177543
405,2016-08-11,0.24446448665555515
406,2016-08-12,0.11337052035059991
407,2016-08-15,0.1874152578738275
408,2016-08-16,-0.8278397413378127
409,2016-08-17,0.4197051612366445
410,2016-08-18,-0.09075508506086087
411,2016-08-19,0.34196977742384915
412,2016-08-22,0.20785915272432892
413,2016-08-23,-0.2762219998599385
414,2016-08-24,-0.5440583581985109
415,2016-08-25,-0.0404007825210422
416,2016-08-26,-0.4909067029887325
417,2016-08-29,0.5790730978122107
418,2016-08-30,-0.005884464379029233
419,2016-08-31,0.18827311540341468
420,2016-09-01,-0.05507843120172007
421,2016-09-02,0.16206806285976813
422,2016-09-06,-0.32629724721373454
423,2016-09-07,0.1412838307115722
424,2016-09-08,-0.15921963750026938
425,2016-09-09,-1.9254757882145064
426,2016-09-12,2.751102978350155
427,2016-09-13,-0.6768284887032785
428,2016-09-14,0.40457927985294784
429,2016-09-15,0.7072016566423782
430,2016-09-16,-0.017772498613369693
431,2016-09-19,-0.681107183203643
432,2016-09-20,-0.49225534486062994
433,2016-09-21,0.8172608840578365
434,2016-09-22,0.7809111042838641
435,2016-09-23,0.25398101563450093
436,2016-09-26,-0.4122244266139443
437,2016-09-27,0.8875392727035107
438,2016-09-28,0.3507580385630354
439,2016-09-29,-0.43487532075787705
440,2016-09-30,0.1522880257416473
441,2016-10-03,0.9782967471197678
442,2016-10-04,-0.5733876546762929
443,2016-10-05,0.1910117675401109
444,2016-10-06,-0.1253039193738643
445,2016-10-07,-1.2461426518658199
446,2016-10-10,-0.011683487172037843
447,2016-10-11,-1.1138835309157886
448,2016-10-12,-0.23898791947012477
449,2016-10-13,0.34433940508092165
450,2016-10-14,-0.5327381142764095
451,2016-10-17,-0.04089964756396425
452,2016-10-18,0.06049860986316067
453,2016-10-19,0.4084767485067716
454,2016-10-20,-0.25667884757925197
455,2016-10-21,0.9519052780008017
456,2016-10-24,-0.090587402227154
457,2016-10-25,-0.9942451819179313
458,2016-10-26,-0.23091858270575547
459,2016-10-27,-1.221484667344871
460,2016-10-28,-0.010157790651155341
461,2016-10-31,-0.6537086428576542
462,2016-11-01,-1.0452180559022142
463,2016-11-02,-1.1264485201753984
464,2016-11-03,-0.5950695790866665
465,2016-11-04,0.4011697882059213
466,2016-11-07,0.45182358108344245
467,2016-11-08,1.2090784453056844
468,2016-11-09,2.2759650103868827
469,2016-11-10,-1.5620591420556078
470,2016-11-11,0.926451757725794
471,2016-11-14,-0.6502585540050854
472,2016-11-15,-0.03738885987958781
473,2016-11-16,0.6522054927559595
474,2016-11-17,1.2774968285859893
475,2016-11-18,-0.8552395361438748
476,2016-11-21,0.26597430513448383
477,2016-11-22,0.35950721623061976
478,2016-11-23,0.3423453794876646
479,2016-11-25,0.20475768698169663
480,2016-11-28,0.08871224355824213
481,2016-11-29,0.8696950611678556
482,2016-11-30,-1.2957174907272875
483,2016-12-01,-0.8132132871767513
484,2016-12-02,-0.2600335929190316
485,2016-12-05,0.6094997148996206
486,2016-12-06,0.0937347265881199
487,2016-12-07,1.794367207484529
488,2016-12-08,0.3016517225290607
489,2016-12-09,0.05593559251038534
490,2016-12-12,-0.15240760153008712
491,2016-12-13,0.5623058771421938
492,2016-12-14,-0.2127557542710194
493,2016-12-15,0.15689393428509277
494,2016-12-16,-0.9530844646798229
495,2016-12-19,0.26955442096594673
496,2016-12-20,0.21643480527859021
497,2016-12-21,0.0555790166545289
498,2016-12-22,-0.0349104240162738
499,2016-12-23,0.1183394465305853
500,2016-12-27,0.3237089553500364
501,2016-12-28,-1.0610852373461077
502,2016-12-29,-0.015727636199978905
503,2016-12-30,-1.2164654084534878
504,2017-01-03,0.34777885466316977
505,2017-01-04,0.7320215692910943
506,2017-01-05,0.22813398748962718
507,2017-01-06,0.2430612121420534
508,2017-01-09,-0.08595159736400164
509,2017-01-10,0.33205787697749556
510,2017-01-11,0.4002114792575112
511,2017-01-12,0.20196188112032876
512,2017-01-13,0.47216279789658594
513,2017-01-17,0.3944698334574378
514,2017-01-18,0.09980686508976497
515,2017-01-19,-0.2692437440639276
516,2017-01-20,-0.11748607122578962
517,2017-01-23,0.3435413638506982
518,2017-01-24,0.5737923838445229
519,2017-01-25,0.1966097989019028
520,2017-01-26,0.2900787025257031
521,2017-01-27,-0.08214445702994504
522,2017-01-30,-0.1581442307871614
523,2017-01-31,0.20370498890577085
524,2017-02-01,-0.10608615528125227
525,2017-02-02,-0.30577778536594935
526,2017-02-03,-0.0014205795988582737
527,2017-02-06,0.09737446862029901
528,2017-02-07,-0.09279269156289638
529,2017-02-08,-0.16238057026626315
530,2017-02-09,0.7816722639091915
531,2017-02-10,0.7533731440191829
532,2017-02-13,0.035680553481918544
533,2017-02-14,-0.08789939947447514
534,2017-02-15,0.649525301538197
535,2017-02-16,0.04566487204739119
536,2017-02-17,0.6763159303962218
537,2017-02-21,0.5452903527250014
538,2017-02-22,0.3174801702965816
539,2017-02-23,-0.7712990667964695
540,2017-02-24,0.11405526466875734
541,2017-02-27,-0.0004816136275997723
542,2017-02-28,-0.757729505660169
543,2017-03-01,0.4553097379054978
544,2017-03-02,-0.6130916391467057
545,2017-03-03,0.23346038951639408
546,2017-03-06,0.3671727467257902
547,2017-03-07,-0.18420686016094454
548,2017-03-08,-0.09344348591785882
549,2017-03-09,0.01718900440830403
550,2017-03-10,-0.4271653648127266
551,2017-03-13,0.2889302207696232
552,2017-03-14,0.1378860895240166
553,2017-03-15,0.6726925219049857
554,2017-03-16,-0.3076354733477345
555,2017-03-17,-0.18562641924518125
556,2017-03-20,-0.32545185499027063
557,2017-03-21,-1.4176011176716712
558,2017-03-22,0.20640912402206668
559,2017-03-23,0.08987701224501626
560,2017-03-24,-0.05334982186146886
561,2017-03-27,0.6950753142628437
562,2017-03-28,0.6709844984228541
563,2017-03-29,0.7553887930401911
564,2017-03-30,0.7975682347207678
565,2017-03-31,-0.016967120624633614
566,2017-04-03,-0.16056452272084276
567,2017-04-04,0.24135319002816785
568,2017-04-05,-0.6002605399028716
569,2017-04-06,0.12323596418896803
570,2017-04-07,-0.1261756281486189
571,2017-04-10,-0.07388832057831271
572,2017-04-11,0.024756498840802738
573,2017-04-12,0.08293989131074049
574,2017-04-13,-0.6431878558514251
575,2017-04-17,0.7416762033755979
576,2017-04-18,0.107016945793262
577,2017-04-19,0.19538894339905544
578,2017-04-20,0.6047998397718838
579,2017-04-21,-0.10874697234553095
580,2017-04-24,-0.305723747933518
581,2017-04-25,0.5445840146375834
582,2017-04-26,-0.025425447069657454
583,2017-04-27,-0.009599532481384709
584,2017-04-28,-0.8401712881258343
585,2017-05-01,0.08168341049184391
586,2017-05-02,-0.23943488126694348
587,2017-05-03,-0.7693865610807167
588,2017-05-04,0.11543251250572058
589,2017-05-05,0.9439717289106145
590,2017-05-08,-0.44355535224872966
591,2017-05-09,0.11157510452970794
592,2017-05-10,0.5862243748145843
593,2017-05-11,0.3458135317747416
594,2017-05-12,-0.451901146283345
595,2017-05-15,0.3465823166707838
596,2017-05-16,-0.30774878774599
597,2017-05-17,-1.9973870521975143
598,2017-05-18,1.1344206547042794
599,2017-05-19,0.5184025591881111
600,2017-05-22,0.8007854698348573
601,2017-05-23,-0.3074158042638321
602,2017-05-24,0.6876372715828709
603,2017-05-25,0.2723690916892431
604,2017-05-26,0.19629580615691525
605,2017-05-30,0.25201768988760276
606,2017-05-31,0.015739955058463546
607,2017-06-01,0.49061682821426433
608,2017-06-02,0.3072668589654508
609,2017-06-05,-0.5381656109049864
610,2017-06-06,-0.12522735534511686
611,2017-06-07,-0.15229742358125475
612,2017-06-08,-0.5637001824171548
613,2017-06-09,-1.2576467039891805
614,2017-06-12,0.3777848794337296
615,2017-06-13,-0.2856388153497671
616,2017-06-14,-0.5782287048433068
617,2017-06-15,0.7768138276332286
618,2017-06-16,0.3670811922856157
619,2017-06-19,0.2731711345000671
620,2017-06-20,-1.0948710503303516
621,2017-06-21,0.10775684657291715
622,2017-06-22,-0.2550474382699442
623,2017-06-23,0.46709224430582974
624,2017-06-26,0.03454308338790994
625,2017-06-27,-0.918601491629319
626,2017-06-28,0.8414105673459782
627,2017-06-29,-1.1455592169011173
628,2017-06-30,-0.39359892166697075
629,2017-07-03,-0.6382854049709136
630,2017-07-05,0.0915339588892782
631,2017-07-06,-0.7422769344526579
632,2017-07-07,0.5811045012828376
633,2017-07-10,0.5312654112836416
634,2017-07-11,0.34502209828680624
635,2017-07-12,0.12901053780063193
636,2017-07-13,-0.19568897047777037
637,2017-07-14,0.3400911175010214
638,2017-07-17,0.07813570094851133
639,2017-07-18,0.7323585674784444
640,2017-07-19,0.3782295564251746
641,2017-07-20,0.043955664795920016
642,2017-07-21,0.7458865498095212
643,2017-07-24,0.13863086765923002
644,2017-07-25,-0.551761023880857
645,2017-07-26,0.22995849138782248
646,2017-07-27,-0.09037095725137342
647,2017-07-28,0.9746682066640592
648,2017-07-31,-1.1329530878791776
649,2017-08-01,-0.03356207003003427
650,2017-08-02,-0.20119615783046677
651,2017-08-03,0.0794493701823827
652,2017-08-04,-0.6226831908089194
653,2017-08-07,0.4835360540779954
654,2017-08-08,-0.10152422694766369
655,2017-08-09,0.6411884841193647
656,2017-08-10,-1.387023612996738
657,2017-08-11,0.05891931062434922
658,2017-08-14,0.22627193632802928
659,2017-08-15,-0.3975438080884309
660,2017-08-16,0.04698297393927311
661,2017-08-17,-1.4086085011617813
662,2017-08-18,0.12263324847271143
663,2017-08-21,0.13812244516106195
664,2017-08-22,0.9419480988037406
665,2017-08-23,-0.4926065509754916
666,2017-08-24,-0.27178761975921234
667,2017-08-25,-0.19321311808132252
668,2017-08-28,0.05748087710378541
669,2017-08-29,0.71043010859807
670,2017-08-30,1.0674447290060638
671,2017-08-31,0.21065326910532636
672,2017-09-01,-0.25285186093139284
673,2017-09-05,-0.21392983684723837
674,2017-09-06,-0.10021285899178314
675,2017-09-07,-1.08058978476782
676,2017-09-08,-0.7087358676729711
677,2017-09-11,-0.2865406363769436
678,2017-09-12,0.08218335169407212
679,2017-09-13,0.0914199140943128
680,2017-09-14,-0.4434774858600993
681,2017-09-15,0.3573473039874771
682,2017-09-18,-0.2484676982883231
683,2017-09-19,0.8012549749163504
684,2017-09-20,0.2956524729577502
685,2017-09-21,-0.1920394561290777
686,2017-09-22,0.6525204717821355
687,2017-09-25,-0.8012184260439248
688,2017-09-26,-0.7927222252429029
689,2017-09-27,0.8862670596895809
690,2017-09-28,-0.10412821159959015
691,2017-09-29,0.5398306016084283
692,2017-10-02,-0.05903224267874811
693,2017-10-03,0.45237097099698315
694,2017-10-04,0.5708993587060645
695,2017-10-05,0.3059662015528685
696,2017-10-06,0.22575118147325623
697,2017-10-09,-0.7079847621148897
698,2017-10-10,-0.5529006599878021
699,2017-10-11,-0.06586087165048879
700,2017-10-12,-0.6206850516816047
701,2017-10-13,0.21263196120898648
702,2017-10-16,-0.030457711695386226
703,2017-10-17,-0.13181779642245592
704,2017-10-18,-0.1139580804567292
705,2017-10-19,0.38813730540966207
706,2017-10-20,-0.1687919079687501
707,2017-10-23,-1.1407080849064586
708,2017-10-24,-0.011658517821658393
709,2017-10-25,-0.20969610159748725
710,2017-10-26,0.14296657465057278
711,2017-10-27,0.6537002209890592
712,2017-10-30,-0.2683452149549348
713,2017-10-31,-0.04638849314781871
714,2017-11-01,-0.12595534050088442
715,2017-11-02,-1.3729146679742097
716,2017-11-03,0.3299602055408718
717,2017-11-06,0.8914553369292847
718,2017-11-07,-0.3600377936338239
719,2017-11-08,-0.11064405772712753
720,2017-11-09,0.5693906478929496
721,2017-11-10,0.38598875927477544
722,2017-11-13,0.5531405577506668
723,2017-11-14,0.048064029651284826
724,2017-11-15,-0.11806034454630494
725,2017-11-16,1.0510915680699535
726,2017-11-17,0.2816487165597481
727,2017-11-20,-0.2794732266671488
728,2017-11-21,0.2893980244820643
729,2017-11-22,0.1573674226372807
730,2017-11-24,0.14462009345321275
731,2017-11-27,-0.19645785683237535
732,2017-11-28,1.0815983603813855
733,2017-11-29,-0.06933843289967764
734,2017-11-30,-0.3399560518192145
735,2017-12-01,0.646303483103832
736,2017-12-04,-0.1175394860933748
737,2017-12-05,-0.30134238612999287
738,2017-12-06,-0.1059663270847381
739,2017-12-07,0.48501918649185977
740,2017-12-08,-0.11500343638529612
741,2017-12-11,0.4481379356475214
742,2017-12-12,-0.4571961148294689
743,2017-12-13,-0.0650556901573877
744,2017-12-14,0.2717578142349532
745,2017-12-15,0.27952342512294315
746,2017-12-18,0.04302680766482867
747,2017-12-19,-0.31215714351875956
748,2017-12-20,-0.3219842944878782
749,2017-12-21,0.5879722628659507
750,2017-12-22,0.043661774839876585
751,2017-12-26,-0.07732028986203639
752,2017-12-27,-0.6108365793784519
753,2017-12-28,0.04928366693600621
754,2017-12-29,-0.48037137791471596
755,2018-01-02,1.5640138158832282
756,2018-01-03,-0.44916219769360877
757,2018-01-04,-0.4694162401228673
758,2018-01-05,0.45293275453942206
759,2018-01-08,0.2821280556389197
760,2018-01-09,-0.6235549754685155
761,2018-01-10,0.6224197958123241
762,2018-01-11,1.0583998988845824
763,2018-01-12,0.8709403200928512
764,2018-01-16,-1.5180692787644585
765,2018-01-17,0.07256531622396652
766,2018-01-18,0.7819366190090749
767,2018-01-19,0.1280587215492741
768,2018-01-22,1.5271590422446857
769,2018-01-23,-0.31530177393246556
770,2018-01-24,0.07242510737359698
771,2018-01-25,-0.28513383531166087
772,2018-01-26,0.8443529795954013
773,2018-01-29,0.17010328409522357
774,2018-01-30,-0.04556326419025234
775,2018-01-31,-0.13270581389957095
776,2018-02-01,0.3999865804894672
777,2018-02-02,-1.599032650902783
778,2018-02-05,-2.924517720874842
779,2018-02-06,3.313402639246629
780,2018-02-07,-0.32483873373557526
781,2018-02-08,-3.8648408028644154
782,2018-02-09,0.7100860041670459
783,2018-02-12,0.5223682306299461
784,2018-02-13,1.323796512817855
785,2018-02-14,1.8907695773002833
786,2018-02-15,0.7486309378348901
787,2018-02-16,-0.09192357127175195
788,2018-02-20,0.0556379029859683
789,2018-02-21,-0.387361214268038
790,2018-02-22,-0.7995504471111512
791,2018-02-23,1.0574346564091446
792,2018-02-26,0.8947481513746782
793,2018-02-27,-1.7691277329906896
794,2018-02-28,-1.936722032020802
795,2018-03-01,-1.4604569466944484
796,2018-03-02,2.2062110510414756
797,2018-03-05,1.6006281545250076
798,2018-03-06,-0.18162231713088306
799,2018-03-07,0.6672575568592916
800,2018-03-08,0.26132208886373304
801,2018-03-09,0.7475481971784779
802,2018-03-12,-0.049556347277987266
803,2018-03-13,-1.4980937521782722
804,2018-03-14,-0.4616901235473664
805,2018-03-15,0.006953653486487443
806,2018-03-16,-0.5143075098983052
807,2018-03-19,-1.2592311907435811
808,2018-03-20,-0.6162930337482354
809,2018-03-21,0.006695412647909943
810,2018-03-22,-1.3930333108933568
811,2018-03-23,-2.1236868019842428
812,2018-03-26,0.9128154357410263
813,2018-03-27,-2.3566258501950874
814,2018-03-28,-0.5584829784647705
815,2018-03-29,1.0783188185657795
816,2018-04-02,-1.8461787867406005
817,2018-04-03,0.004373061267275791
818,2018-04-04,2.9717848458536325
819,2018-04-05,-0.1579989932788723
820,2018-04-06,-0.8051222356392007
821,2018-04-09,-0.11759267007874705
822,2018-04-10,0.5118198935229273
823,2018-04-11,-0.4015472325515959
824,2018-04-12,-0.10513696483265796
825,2018-04-13,-0.8331555579865795
826,2018-04-16,0.7669920141603098
827,2018-04-17,0.694804677076187
828,2018-04-18,-0.3855020611305501
829,2018-04-19,0.21462401959614938
830,2018-04-20,-1.1534566864499494
831,2018-04-23,-0.23726583706029974
832,2018-04-24,-1.888749237733768
833,2018-04-25,0.4815296838605157
834,2018-04-26,0.2984966974915969
835,2018-04-27,-1.3523006755590339
836,2018-04-30,-0.9030983756358306
837,2018-05-01,-0.18925569435167722
838,2018-05-02,-1.2343495988678381
839,2018-05-03,0.25635514756470695
840,2018-05-04,2.122651891934673
841,2018-05-07,0.09466819889339283
842,2018-05-08,-0.7365305119016416
843,2018-05-09,0.1525381463021624
844,2018-05-10,1.2661156849607749
845,2018-05-11,-0.32802540505856326
846,2018-05-14,-0.1183425384298469
847,2018-05-15,0.027544527642098117
848,2018-05-16,0.36637183198226864
849,2018-05-17,-0.35759742150929713
850,2018-05-18,0.24096011445734805
851,2018-05-21,0.11810661723583626
852,2018-05-22,-0.5379635911658438
853,2018-05-23,0.4405590147204944
854,2018-05-24,-0.18765280078027222
855,2018-05-25,0.07290920805374507
856,2018-05-29,-0.7014360436298742
857,2018-05-30,0.14619009769789387
858,2018-05-31,-0.52285984351584
859,2018-06-01,0.7817333884785593
860,2018-06-04,0.11761923772358815
861,2018-06-05,0.5006920598993174
862,2018-06-06,0.8401105885269903
863,2018-06-07,-0.020493064064691223
864,2018-06-08,0.7980718500022224
865,2018-06-11,0.7400637482911041
866,2018-06-12,0.5576445199990347
867,2018-06-13,-0.18138021811249833
868,2018-06-14,1.2548476266779685
869,2018-06-15,0.691918555309542
870,2018-06-18,0.6871290324815352
871,2018-06-19,0.9193295179638581
872,2018-06-20,-0.16250629291635266
873,2018-06-21,-0.9016472418749822
874,2018-06-22,0.09361236914551546
875,2018-06-25,-1.2944233375208989
876,2018-06-26,-0.24071668755832643
877,2018-06-27,-1.2591543861899945
878,2018-06-28,1.0846911911397625
879,2018-06-29,-0.5828766472119664
880,2018-07-02,0.9868908720775502
881,2018-07-03,-1.1716264757107224
882,2018-07-05,0.5319728179038691
883,2018-07-06,1.348682679824221
884,2018-07-09,0.07008368957309495
885,2018-07-10,-0.029907192400072002
886,2018-07-11,0.43347844862677604
887,2018-07-12,1.0486612887836995
888,2018-07-13,-0.043918992490937184
889,2018-07-16,-0.006414692650600915
890,2018-07-17,0.5191029748332425
891,2018-07-18,-0.01688117343688924
892,2018-07-19,-0.6610332252796092
893,2018-07-20,-0.6267158061957772
894,2018-07-23,0.31398976734796447
895,2018-07-24,-1.5282303395083792
896,2018-07-25,0.5784022786630232
897,2018-07-26,-0.04757856705935107
898,2018-07-27,-1.4079158316209173
899,2018-07-30,-1.430605648701747
900,2018-07-31,0.4816354503940047
901,2018-08-01,-0.4986056903529194
902,2018-08-02,0.9744946051167842
903,2018-08-03,0.32510378839675175
904,2018-08-06,0.6575572062215597
905,2018-08-07,-0.14537650951282677
906,2018-08-08,-0.05589108223920045
907,2018-08-09,0.6155094760890822
908,2018-08-10,-1.0317202072685174
909,2018-08-13,-0.14947479150006865
910,2018-08-14,0.3206316530147863
911,2018-08-15,-0.5057840593984647
912,2018-08-16,-0.006911702321524738
913,2018-08-17,0.01449004645431271
914,2018-08-20,0.32480336320266395
915,2018-08-21,0.5674227224884996
916,2018-08-22,0.043473492785689336
917,2018-08-23,-0.46330091176200455
918,2018-08-24,0.8769708139876794
919,2018-08-27,0.05831725334666861
920,2018-08-28,-0.36727940571820766
921,2018-08-29,0.19567162210640238
922,2018-08-30,-0.3772474708541166
923,2018-08-31,-0.0713291852276238
924,2018-09-04,-0.14339499189680294
925,2018-09-05,-0.9920415751260967
926,2018-09-06,-0.07162507959335597
927,2018-09-07,1.0103234263256184
928,2018-09-10,-0.26897164311385574
929,2018-09-11,0.8118293455081933
930,2018-09-12,0.8482185626533806
931,2018-09-13,1.0292597987869665
932,2018-09-14,-0.5724429716410484
933,2018-09-17,-1.1347307032397638
934,2018-09-18,0.9220051858631878
935,2018-09-19,-0.3374086258907151
936,2018-09-20,0.26087620269273215
937,2018-09-21,-0.2967110570334355
938,2018-09-24,0.6373250741488985
939,2018-09-25,0.21484809333050076
940,2018-09-26,-0.11679998082679881
941,2018-09-27,0.3080749396635933
942,2018-09-28,0.48149112687497225
943,2018-10-01,-0.677280233480935
944,2018-10-02,0.2609000617174182
945,2018-10-03,0.08092853636874653
946,2018-10-04,-0.8507904716250373
947,2018-10-05,-1.0316103779781145
948,2018-10-08,0.616145969258626
949,2018-10-09,-0.2135309379322262
950,2018-10-10,-3.877901734137898
951,2018-10-11,-0.9241882798088801
952,2018-10-12,0.3040500074236343
953,2018-10-15,0.4551722450600916
954,2018-10-16,1.4449023642926724
955,2018-10-17,-0.013130248744246686
956,2018-10-18,-1.1717782874914318
957,2018-10-19,-0.5833076706699691
958,2018-10-22,-0.24878701688726262
959,2018-10-23,1.031389010597643
960,2018-10-24,-4.304776351250966
961,2018-10-25,0.6495003642810012
962,2018-10-26,0.18988755105257718
963,2018-10-29,-2.526322058754344
964,2018-10-30,2.699707728969459
965,2018-10-31,0.6554163311356
966,2018-11-01,0.5265814568409761
967,2018-11-02,-1.3440682866716867
968,2018-11-05,0.04902436677968576
969,2018-11-06,0.29332856798069284
970,2018-11-07,0.6320419731055172
971,2018-11-08,-0.4308120561503662
972,2018-11-09,-0.7578647638792937
973,2018-11-12,-1.3985813454631344
974,2018-11-13,-0.4596939496094999
975,2018-11-14,-1.121944163612945
976,2018-11-15,1.0653000282296041
977,2018-11-16,0.3963013353707868
978,2018-11-19,-2.7485927236933674
979,2018-11-20,-0.2125971877383265
980,2018-11-21,0.2749565006844595
981,2018-11-23,0.06639732289143474
982,2018-11-26,0.8016366652750644
983,2018-11-27,0.5001397421800153
984,2018-11-28,2.0314331550302667
985,2018-11-29,1.2500203569019595
986,2018-11-30,-0.8574461122512013
987,2018-12-03,-1.5415067442758268
988,2018-12-04,-2.687001545127127
989,2018-12-06,2.815960619280676
990,2018-12-07,-1.5459561272914857
991,2018-12-10,0.44168219662740815
992,2018-12-11,-1.660444838025429
993,2018-12-12,0.10097530046337852
994,2018-12-13,-1.0079733668177826
995,2018-12-14,-0.2547436713550756
996,2018-12-17,-1.5373055514317997
997,2018-12-18,-0.46933043422686993
998,2018-12-19,-1.4754052734246128
999,2018-12-20,-1.6439765284158732
1000,2018-12-21,-2.8793702872735993
1001,2018-12-24,-1.5805849038291107
1002,2018-12-26,4.054970471392794
1003,2018-12-27,1.9213129130796696
1004,2018-12-28,-0.6890959003476149
1005,2018-12-31,-0.07481210723777497
1006,2019-01-02,2.448670711849916
1007,2019-01-03,-0.5629620466899443
1008,2019-01-04,2.3971701081341275
1009,2019-01-07,1.2155971089149342
1010,2019-01-08,0.6666017148532107
1011,2019-01-09,-0.22125962713994193
1012,2019-01-10,0.7656363621950117
1013,2019-01-11,0.6487660913129304
1014,2019-01-14,-0.05165888099684977
1015,2019-01-15,0.8420470910863855
1016,2019-01-16,-0.4567966071812163
1017,2019-01-17,0.67157001175561
1018,2019-01-18,0.17700748246948064
1019,2019-01-22,-1.2978809251279784
1020,2019-01-23,-0.6618783009532585
1021,2019-01-24,0.9618207870537349
1022,2019-01-25,0.260833947151604
1023,2019-01-28,0.26094795568308565
1024,2019-01-29,-0.39724063286747263
1025,2019-01-30,0.30995234541117983
1026,2019-01-31,1.4724142579192052
1027,2019-02-01,-0.10232487478432128
1028,2019-02-04,0.6136792345644958
1029,2019-02-05,0.8859838200857529
1030,2019-02-06,-1.1793486439130982
1031,2019-02-07,0.29144037394540023
1032,2019-02-08,1.6706711332472022
1033,2019-02-11,-1.5878115075657124
1034,2019-02-12,-0.29326791405681263
1035,2019-02-13,-0.25060908547408695
1036,2019-02-14,1.1910272331591714
1037,2019-02-15,0.4739767654917739
1038,2019-02-19,0.13949426888933147
1039,2019-02-20,-0.2610921246409645
1040,2019-02-21,-0.1735445992506861
1041,2019-02-22,0.5276108966751478
1042,2019-02-25,-0.7863683371089708
1043,2019-02-26,0.3052136753810369
1044,2019-02-27,-0.16523955689880884
1045,2019-02-28,0.16858886182126198
1046,2019-03-01,0.5054883780776543
1047,2019-03-04,-1.0045040280555901
1048,2019-03-05,0.1748067573840954
1049,2019-03-06,-0.46363530022965327
1050,2019-03-07,-0.47515219889913707
1051,2019-03-08,0.6156763428622177
1052,2019-03-11,1.215721189309709
1053,2019-03-12,0.028708101068507637
1054,2019-03-13,-0.05615646476705003
1055,2019-03-14,0.13286974514113026
1056,2019-03-15,0.1675243022670503
1057,2019-03-18,-0.26121738087310475
1058,2019-03-19,-0.7197909567508189
1059,2019-03-20,-0.1930973799180756
1060,2019-03-21,1.7761356972179043
1061,2019-03-22,-1.5558799975475097
1062,2019-03-25,-0.3607946389958783
1063,2019-03-26,0.0898545004763121
1064,2019-03-27,-0.8485713163546204
1065,2019-03-28,-0.39013364721322735
1066,2019-03-29,-0.3395767081658467
1067,2019-04-01,0.2600477039464772
1068,2019-04-02,-0.3820438662303982
1069,2019-04-03,-0.1741733162109247
1070,2019-04-04,0.10163782625405697
1071,2019-04-05,0.4500701098121292
1072,2019-04-08,0.15962743763267695
1073,2019-04-09,0.3789675657245653
1074,2019-04-10,0.49875009042019014
1075,2019-04-11,0.022090715006890384
1076,2019-04-12,0.08622521637708215
1077,2019-04-15,0.1347282807147012
1078,2019-04-16,-0.2745011005452019
1079,2019-04-17,0.13414724417187718
1080,2019-04-18,-0.1492799888444298
1081,2019-04-22,0.141652574721951
1082,2019-04-23,0.5580368604692281
1083,2019-04-24,-0.04982881231472987
1084,2019-04-25,-0.3154346049778255
1085,2019-04-26,0.6536036215288753
1086,2019-04-29,0.22568725799742892
1087,2019-04-30,-0.46173784287982084
1088,2019-05-01,-0.4804532872661285
1089,2019-05-02,-1.1515171152964567
1090,2019-05-03,0.32860805514343117
1091,2019-05-06,1.4708377797581802
1092,2019-05-07,-0.9421742101179067
1093,2019-05-08,0.09313995555370456
1094,2019-05-09,0.4885658404420413
1095,2019-05-10,0.8597810049432084
1096,2019-05-13,-0.7243464084466938
1097,2019-05-14,0.2613634322664824
1098,2019-05-15,1.7103546466431745
1099,2019-05-16,0.4012407667302959
1100,2019-05-17,0.46917300975833753
1101,2019-05-20,-0.6484095229171616
1102,2019-05-21,0.5140930793868921
1103,2019-05-22,-0.23149447741491233
1104,2019-05-23,-0.07436564056904565
1105,2019-05-24,-0.4010862251493006
1106,2019-05-28,-0.24966855075968708
1107,2019-05-29,-0.641704488476974
1108,2019-05-30,-0.38072700476387755
1109,2019-05-31,-0.005505102254394984
1110,2019-06-03,-0.8130208549057104
1111,2019-06-04,0.9652192864841957
1112,2019-06-05,0.015994881377587512
1113,2019-06-06,0.021967022907602825
1114,2019-06-07,0.3637051594658564
1115,2019-06-10,-1.0009817372763083
1116,2019-06-11,-0.503101857496035
1117,2019-06-12,0.10757466904606437
1118,2019-06-13,0.6321964670825708
1119,2019-06-14,-0.10932152106755359
1120,2019-06-17,0.8853381043765953
1121,2019-06-18,-0.05447754778761487
1122,2019-06-19,0.5917493266584906
1123,2019-06-20,-0.5425319893238089
1124,2019-06-21,0.1624487714354641
1125,2019-06-24,0.3226524232502304
1126,2019-06-25,-1.4537912640020119
1127,2019-06-26,-0.8118538863904493
1128,2019-06-27,0.3921351051449827
1129,2019-06-28,0.8324940530547571
1130,2019-07-01,-0.5104512539187507
1131,2019-07-02,0.9015909541941628
1132,2019-07-03,0.13898545365818735
1133,2019-07-05,0.5457676676331632
1134,2019-07-08,-0.5312005905305415
1135,2019-07-09,0.568789438337037
1136,2019-07-10,0.294178350414155
1137,2019-07-11,-0.2660945616887622
1138,2019-07-12,0.7816060802816313
1139,2019-07-15,-0.0630739783602306
1140,2019-07-16,-0.16876210619613932
1141,2019-07-17,-1.1110002232463005
1142,2019-07-18,0.38332483968816605
1143,2019-07-19,-1.2022938192522765
1144,2019-07-22,-0.2670570518421552
1145,2019-07-23,0.04298737044599035
1146,2019-07-24,1.4653822772937692
1147,2019-07-25,0.252811415551
1148,2019-07-26,0.967876385935647
1149,2019-07-29,-0.41336758331498
1150,2019-07-30,0.22833448555219552
1151,2019-07-31,-1.1036188073935602
1152,2019-08-01,-0.8875057486727865
1153,2019-08-02,-0.3064637944813106
1154,2019-08-05,-0.9915882188706956
1155,2019-08-06,0.4749097863252867
1156,2019-08-07,1.602624400051812
1157,2019-08-08,0.36516665756693106
1158,2019-08-09,0.045173070123411346
1159,2019-08-12,-0.4781650141925453
1160,2019-08-13,0.954609238128964
1161,2019-08-14,-2.2320845595120793
1162,2019-08-15,-0.22556091503143263
1163,2019-08-16,0.6422910915426762
1164,2019-08-19,0.1932012649495075
1165,2019-08-20,-0.1557756362224988
1166,2019-08-21,0.06667711924371816
1167,2019-08-22,-0.4950255623521669
1168,2019-08-23,-2.2750596921979556
1169,2019-08-26,0.4710255258750122
1170,2019-08-27,-1.213937303826131
1171,2019-08-28,0.6470063272559622
1172,2019-08-29,0.2927733016784981
1173,2019-08-30,-0.6232523825925708
1174,2019-09-03,-0.14554353768386705
1175,2019-09-04,0.8568694236113177
1176,2019-09-05,0.09639756443470605
1177,2019-09-06,0.11202290022469784
1178,2019-09-09,-0.18210881657406386
1179,2019-09-10,0.7951637993817916
1180,2019-09-11,0.18658340106144164
1181,2019-09-12,-0.22895031965901638
1182,2019-09-13,-0.20302219233659954
1183,2019-09-16,0.12887786419248634
1184,2019-09-17,0.23197609648258846
1185,2019-09-18,-0.15111569736836586
1186,2019-09-19,-0.6727960690651018
1187,2019-09-20,-0.6582744560483467
1188,2019-09-23,0.02226597870677971
1189,2019-09-24,-1.7137320006959775
1190,2019-09-25,0.8065282414566423
1191,2019-09-26,-0.8672140097022658
1192,2019-09-27,-0.7597878356220591
1193,2019-09-30,0.2620276389385726
1194,2019-10-01,-0.8992808773767287
1195,2019-10-02,-0.9053023215018082
1196,2019-10-03,0.6400527404258761
1197,2019-10-04,0.9826209594507894
1198,2019-10-07,0.26929900264554996
1199,2019-10-08,-1.4011258583516097
1200,2019-10-09,-0.03950027341558949
1201,2019-10-10,0.4570939908898106
1202,2019-10-11,0.3120855586011766
1203,2019-10-14,-0.0746342353801691
1204,2019-10-15,0.9585076334795896
1205,2019-10-16,0.6317609985176115
1206,2019-10-17,-0.21353981750323311
1207,2019-10-18,-1.0070222262341237
1208,2019-10-21,0.18827770438982414
1209,2019-10-22,-0.04602834348699423
1210,2019-10-23,0.375159887339422
1211,2019-10-24,-0.8358635402200865
1212,2019-10-25,0.542105129481104
1213,2019-10-28,0.3387735964737528
1214,2019-10-29,-0.4858449075474678
1215,2019-10-30,0.06967080944661143
1216,2019-10-31,-0.3112038616542032
1217,2019-11-01,-0.14513464996378392
1218,2019-11-04,-0.4453035302554836
1219,2019-11-05,-0.0504048593527397
1220,2019-11-06,0.04561137187150983
1221,2019-11-07,0.7494583693354779
1222,2019-11-08,0.0033951811623962754
1223,2019-11-11,0.4792740785984151
1224,2019-11-12,-0.36887642967494616
1225,2019-11-13,0.07595421388757052
1226,2019-11-14,0.5774137189988762
1227,2019-11-15,0.06464741897945273
1228,2019-11-18,0.8146671308663443
1229,2019-11-19,0.23495949970561772
1230,2019-11-20,-0.061393888375633796
1231,2019-11-21,-0.15006701760382943
1232,2019-11-22,0.11949214508339696
1233,2019-11-25,0.0030820721290429646
1234,2019-11-26,0.47480332582896184
1235,2019-11-27,0.15184319065742244
1236,2019-11-29,-0.2683006431360418
1237,2019-12-02,-0.8367936626267034
1238,2019-12-03,0.5440643622395711
1239,2019-12-04,0.19901813018091544
1240,2019-12-05,0.1762023144086805
1241,2019-12-06,-0.15339595570901263
1242,2019-12-09,-0.5837157818191213
1243,2019-12-10,-0.12119427759082813
1244,2019-12-11,0.21465747821120493
1245,2019-12-12,0.9442515783086893
1246,2019-12-13,-0.33293580115940347
1247,2019-12-16,0.10380054529491542
1248,2019-12-17,-0.11101727087325845
1249,2019-12-18,0.12240646644750229
1250,2019-12-19,1.2482213226723489
1251,2019-12-20,-0.06679204328883662
1252,2019-12-23,-0.45316901668684595
1253,2019-12-24,0.05939189098297333
1254,2019-12-26,0.611397349916675
1255,2019-12-27,-0.3693969336600611
1256,2019-12-30,-0.749023598185696
1257,2019-12-31,0.34505521029308145
1258,2020-01-02,0.12993003798479033
1259,2020-01-03,0.7643908393358868
1260,2020-01-06,1.134448348817782
1261,2020-01-07,0.20217845430583664
1262,2020-01-08,0.5265742211312495
1263,2020-01-09,-0.3775223273456165
1264,2020-01-10,-0.7398209678162844
1265,2020-01-13,0.7742680800674301
1266,2020-01-14,0.3332731804894801
1267,2020-01-15,0.3796041727436867
1268,2020-01-16,0.6629709801993949
1269,2020-01-17,0.14239214055409535
1270,2020-01-21,-0.285538964408104
1271,2020-01-22,-0.3893233091621628
1272,2020-01-23,-0.603741888726672
1273,2020-01-24,-1.550149657772006
1274,2020-01-27,0.371526660025787
1275,2020-01-28,0.2491560956445264
1276,2020-01-29,-1.3283835151158883
1277,2020-01-30,1.494696049189833
1278,2020-01-31,-1.0658970082251993
1279,2020-02-03,-0.07937452644347297
1280,2020-02-04,0.5738147868043733
1281,2020-02-05,-0.3521478832112447
1282,2020-02-06,0.24126544336365194
1283,2020-02-07,-0.001658031350700387
1284,2020-02-10,0.2672469288351514
1285,2020-02-11,-0.19090890445632266
1286,2020-02-12,0.9363127298932118
1287,2020-02-13,0.3884236518906992
1288,2020-02-14,-0.0066148472761746735
1289,2020-02-18,0.5184526826353109
1290,2020-02-19,0.18628814105636674
1291,2020-02-20,-0.6984918933191323
1292,2020-02-21,-0.9685570801504428
1293,2020-02-24,-0.86345698278495
1294,2020-02-25,-3.7159162036843667
1295,2020-02-26,-1.8906136092393284
1296,2020-02-27,-1.6945619191501167
1297,2020-02-28,2.8337756175921123
1298,2020-03-02,2.3548435148463613
1299,2020-03-03,-2.3617400646306823
1300,2020-03-04,1.472115577102571
1301,2020-03-05,-1.7959549006608844
1302,2020-03-06,2.0067490610272625
1303,2020-03-09,-0.40944979715864155
1304,2020-03-10,2.1143653373458573
1305,2020-03-11,-1.7635330136313514
1306,2020-03-12,-3.2069990219187754
1307,2020-03-13,2.3639332639887725
1308,2020-03-16,-0.08451636730146612
1309,2020-03-17,1.5286759406508852
1310,2020-03-18,-0.8355738757699083
1311,2020-03-19,2.578727815525202
1312,2020-03-20,-6.890759275206978
1313,2020-03-23,0.3833437712702613
1314,2020-03-24,3.1405479116138975
1315,2020-03-25,1.083807363338318
1316,2020-03-26,4.3671079969476
1317,2020-03-27,-1.9836858378980073
1318,2020-03-30,4.11392249551487
1319,2020-03-31,-0.5026508469361569
1320,2020-04-01,-1.1022274039271929
1321,2020-04-02,0.7354871279871692
1322,2020-04-03,-1.33036715181056
1323,2020-04-06,3.084927940349034
1324,2020-04-07,-1.940965505392272
1325,2020-04-08,0.7430626013670193
1326,2020-04-09,-0.24015772247270248
1327,2020-04-13,0.42270851142076304
1328,2020-04-14,1.0941338928546964
1329,2020-04-15,-0.20382927640313755
1330,2020-04-16,-0.48221583555748215
1331,2020-04-17,0.03873117367520744
1332,2020-04-20,0.28104342483782613
1333,2020-04-21,-1.3126956567022838
1334,2020-04-22,-1.3231746771240358
1335,2020-04-23,0.9359138542789949
1336,2020-04-24,0.7809733259209359
1337,2020-04-27,1.972399455832864
1338,2020-04-28,-1.409643817504464
1339,2020-04-29,1.9885788504311799
1340,2020-04-30,-1.6526100211704848
1341,2020-05-01,-1.065086268710253
1342,2020-05-04,1.0907831096383815
1343,2020-05-05,-1.1833113750876434
1344,2020-05-06,-0.5221697519726548
1345,2020-05-07,-0.7612677288556402
1346,2020-05-08,1.3766594582486562
1347,2020-05-11,-0.24461429278748187
1348,2020-05-12,-2.3344986938649637
1349,2020-05-13,-1.7633065582613232
1350,2020-05-14,3.1925160130066015
1351,2020-05-15,1.98893004163929
1352,2020-05-18,1.5474999244382597
1353,2020-05-19,0.09206303345602893
1354,2020-05-20,0.6372998815149112
1355,2020-05-21,-1.019001044509811
1356,2020-05-22,0.37906118443319275
1357,2020-05-26,-0.8280079982998562
1358,2020-05-27,1.201069646440825
1359,2020-05-28,-1.2214137999970125
1360,2020-05-29,1.0046647805167233
1361,2020-06-01,1.0751583732361119
1362,2020-06-02,-0.17768745926073556
1363,2020-06-03,0.8909266800082659
1364,2020-06-04,0.25533614783430897
1365,2020-06-05,0.1621016537849234
1366,2020-06-08,2.7413560660222385
1367,2020-06-09,-1.3547216533951671
1368,2020-06-10,-1.4438575821962443
1369,2020-06-11,-2.0258213160329643
1370,2020-06-12,-1.747337522669217
1371,2020-06-15,4.065175402473828
1372,2020-06-16,-1.9416572138612198
1373,2020-06-17,-0.38505990868693196
1374,2020-06-18,1.261621668262683
1375,2020-06-19,-2.329731237063955
1376,2020-06-22,0.049464989669626626
1377,2020-06-23,0.22059385590444214
1378,2020-06-24,-1.4604177492381323
1379,2020-06-25,0.6796929907657396
1380,2020-06-26,-2.2034462570571383
1381,2020-06-29,2.035390770722651
1382,2020-06-30,0.6994559719465742
1383,2020-07-01,1.2929786938336991
1384,2020-07-02,-1.8408408080761338
1385,2020-07-06,-0.29465386904628277
1386,2020-07-07,-0.38998933460167895
1387,2020-07-08,0.06249195286685354
1388,2020-07-09,-1.099123409578819
1389,2020-07-10,2.7334413331693654
1390,2020-07-13,-1.8448363112880537
1391,2020-07-14,2.2619308922092793
1392,2020-07-15,0.9986025424472564
1393,2020-07-16,1.0198761143151522
1394,2020-07-17,-0.7733262867932034
1395,2020-07-20,0.18730121288351925
1396,2020-07-21,-0.4608348658459214
1397,2020-07-22,0.32699998672484276
1398,2020-07-23,-1.1770636496991393
1399,2020-07-24,0.41184088427071097
1400,2020-07-27,0.24889900869787482
1401,2020-07-28,0.6359331637422991
1402,2020-07-29,0.5418775545128592
1403,2020-07-30,1.1023015081259788
1404,2020-07-31,-0.21717839164132224
1405,2020-08-03,0.6405197141784662
1406,2020-08-04,1.285782610622559
1407,2020-08-05,-1.0973634072106735
1408,2020-08-06,1.3390150533196439
1409,2020-08-07,0.5002910082854297
1410,2020-08-10,0.7581211586311176
1411,2020-08-11,-1.00080025530843
1412,2020-08-12,-0.1830288133601443
1413,2020-08-13,0.9659151845209126
1414,2020-08-14,0.5137695367367013
1415,2020-08-17,-0.8201595486707055
1416,2020-08-18,0.3773502174879319
1417,2020-08-19,-0.3550385631127681
1418,2020-08-20,0.7475112026096569
1419,2020-08-21,-0.5472125395734957
1420,2020-08-24,1.455260477555187
1421,2020-08-25,-0.06911585149150559
1422,2020-08-26,1.5495286701793234
1423,2020-08-27,0.01822484079362847
1424,2020-08-28,0.17543735967341056
1425,2020-08-31,-0.7201960507979023
1426,2020-09-01,0.612540359584634
1427,2020-09-02,1.4082865297794547
1428,2020-09-03,-2.1812561274801703
1429,2020-09-04,-0.8441611346617911
1430,2020-09-08,-0.06239489464541547
1431,2020-09-09,0.25472631238358673
1432,2020-09-10,-1.376870040857716
1433,2020-09-11,-0.48957464121406935
1434,2020-09-14,0.5360656431719203
1435,2020-09-15,0.6416638492937258
1436,2020-09-16,-0.5346146418556444
1437,2020-09-17,0.2730204854840726
1438,2020-09-18,-0.688179625949468
1439,2020-09-21,-0.9640186766999076
1440,2020-09-22,0.4391765000330017
1441,2020-09-23,-2.9324298566609515
1442,2020-09-24,0.6929999093350102
1443,2020-09-25,1.84707613799753
1444,2020-09-28,0.17451903091710663
1445,2020-09-29,-0.6857192911088114
1446,2020-09-30,0.1101772237742134
1447,2020-10-01,0.32279152338615835
1448,2020-10-02,0.705644388856081
1449,2020-10-05,0.8326784055733736
1450,2020-10-06,-1.6218290003172695
1451,2020-10-07,0.320006239301265
1452,2020-10-08,0.6310398956984395
1453,2020-10-09,-0.6112159207143703
1454,2020-10-12,0.19231702053724906
1455,2020-10-13,-0.9013899784015887
1456,2020-10-14,-1.4043900606873374
1457,2020-10-15,0.5713073949655052
1458,2020-10-16,-0.35129910760017125
1459,2020-10-19,-2.5226968546683888
1460,2020-10-20,-0.23350173890610942
1461,2020-10-21,0.9302457089529966
1462,2020-10-22,0.3469967485124847
1463,2020-10-23,-0.09082453222193078
1464,2020-10-26,-1.0080303179823547
1465,2020-10-27,-0.6087762816328187
1466,2020-10-28,-1.8915544275098914
1467,2020-10-29,1.5639557595502647
1468,2020-10-30,-0.25761340530753674
1469,2020-11-02,0.26628676261137385
1470,2020-11-03,0.19060004365635377
1471,2020-11-04,0.033959290986588654
1472,2020-11-05,1.1748417958128732
1473,2020-11-06,-0.9534351917112123
1474,2020-11-09,-1.4793599183161883
1475,2020-11-10,1.7640981019220625
1476,2020-11-11,0.5512820640783089
1477,2020-11-12,-1.3511322033817141
1478,2020-11-13,1.6781907618957173
1479,2020-11-16,0.4401830497159557
1480,2020-11-17,0.9610320005037015
1481,2020-11-18,-1.1064217521981714
1482,2020-11-19,1.122422673579417
1483,2020-11-20,0.29567657382641754
1484,2020-11-23,0.7431910614476457
1485,2020-11-24,1.4146940085594513
1486,2020-11-25,-0.057550643368857075
1487,2020-11-27,0.036331287676330405
1488,2020-11-30,-0.029058351561410543
1489,2020-12-01,1.2355519812202678
1490,2020-12-02,0.8793488604807927
1491,2020-12-03,0.006955365143508959
1492,2020-12-04,0.25643255315777697
1493,2020-12-07,0.6758391267774773
1494,2020-12-08,0.08445983849088795
1495,2020-12-09,-0.8424832280877886
1496,2020-12-10,0.8347191281889713
1497,2020-12-11,0.6994878953351407
1498,2020-12-14,-1.3530802471556322
1499,2020-12-15,0.5491535234175182
1500,2020-12-16,-0.12626294585484893
1501,2020-12-17,-0.6665714703238111
1502,2020-12-18,-0.13227737081440524
1503,2020-12-21,0.44231379738273113
1504,2020-12-22,-0.6385108041250631
1505,2020-12-23,0.5990393068606527
1506,2020-12-24,0.1764538800465621
1507,2020-12-28,0.7972888326358422
1508,2020-12-29,-0.32241190796728175
1509,2020-12-30,-0.37887025512865
1510,2020-12-31,0.6567769639636432
1511,2021-01-04,-1.8451933533652494
1512,2021-01-05,0.8809994963955745
1513,2021-01-06,2.388242393016275
1514,2021-01-07,-0.150149441295091
1515,2021-01-08,-0.02390191787706479
1516,2021-01-11,0.31358761587162626
1517,2021-01-12,-0.9295564306620925
1518,2021-01-13,0.5822581951482424
1519,2021-01-14,0.21219014168236044
1520,2021-01-15,0.21615559521869931
1521,2021-01-19,0.1723491416560232
1522,2021-01-20,0.8471098462237824
1523,2021-01-21,0.18406095665953615
1524,2021-01-22,-0.42869308756829444
1525,2021-01-25,0.907312753594542
1526,2021-01-26,1.6331263425960818
1527,2021-01-27,-0.9293347162578995
1528,2021-01-28,-0.8002057391954974
1529,2021-01-29,-1.2788899552589976
1530,2021-02-01,1.2327774648589165
1531,2021-02-02,0.18628165803113694
1532,2021-02-03,-0.33465628394039815
1533,2021-02-04,1.3143925820384599
1534,2021-02-05,0.7524568332312083
1535,2021-02-08,0.935318034821826
1536,2021-02-09,-0.05105038707075364
1537,2021-02-10,0.32511774930535425
1538,2021-02-11,0.44800901467045656
1539,2021-02-12,0.6587498799571772
1540,2021-02-16,-0.39878343954117895
1541,2021-02-17,0.6606447588260774
1542,2021-02-18,-0.016694304348642164
1543,2021-02-19,-0.09911237476244494
1544,2021-02-22,1.5118204827345745
1545,2021-02-23,0.5828759565168027
1546,2021-02-24,1.2983899186754622
1547,2021-02-25,-2.516347076801196
1548,2021-02-26,0.1685838936478165
1549,2021-03-01,1.7552754203858192
1550,2021-03-02,0.35352625180781555
1551,2021-03-03,-0.18806727292061123
1552,2021-03-04,-0.46017548490838533
1553,2021-03-05,1.3195691514272612
1554,2021-03-08,0.07793904690550917
1555,2021-03-09,-1.2775725316681101
1556,2021-03-10,0.16875055725607802
1557,2021-03-11,0.8119453921823162
1558,2021-03-12,1.126710838358535
1559,2021-03-15,0.13288766651043463
1560,2021-03-16,0.6097142269038218
1561,2021-03-17,-0.006391119588895594
1562,2021-03-18,0.29076136465518077
1563,2021-03-19,0.31219146167091993
1564,2021-03-22,0.3238597096049061
1565,2021-03-23,-0.9368367728742932
1566,2021-03-24,-3.0867170985020396
1567,2021-03-25,0.5837767379135795
1568,2021-03-26,-2.9537153873080326
1569,2021-03-29,-0.44676765208875824
1570,2021-03-30,0.3998043075048164
1571,2021-03-31,-0.6220699623190394
1572,2021-04-01,0.8114362582703873
1573,2021-04-05,0.4331568330352207
1574,2021-04-06,1.1108806003021745
1575,2021-04-07,-0.47901848626053556
1576,2021-04-08,-0.41480318706145347
1577,2021-04-09,0.10224630104641662
1578,2021-04-12,-0.31732919332578163
1579,2021-04-13,-0.17034781889685763
1580,2021-04-14,-0.4441305043186938
1581,2021-04-15,0.02820031820241983
1582,2021-04-16,-0.2816069039302817
1583,2021-04-19,-0.2527034169879055
1584,2021-04-20,-0.7963366645404517
1585,2021-04-21,2.074580247484504
1586,2021-04-22,-0.688107437833909
1587,2021-04-23,0.3580603030872243
1588,2021-04-26,-0.25057363014849077
1589,2021-04-27,0.0007230357896535982
1590,2021-04-28,-0.13984682271647603
1591,2021-04-29,0.29068082589860317
1592,2021-04-30,-0.07279405736958165
1593,2021-05-03,-1.2594390532233575
1594,2021-05-04,-0.6475960789049089
1595,2021-05-05,-0.47145919522076557
1596,2021-05-06,0.22508243921379398
1597,2021-05-07,1.4296803448735742
1598,2021-05-10,-0.6898033081443506
1599,2021-05-11,1.0084896332632682
1600,2021-05-12,-1.5052933045902201
1601,2021-05-13,0.40860053590214673
1602,2021-05-14,0.6501808468650346
1603,2021-05-17,-1.7277452767401764
1604,2021-05-18,-0.5337583695672444
1605,2021-05-19,1.307204683750072
1606,2021-05-20,1.23640036916592
1607,2021-05-21,-0.4305058170560301
1608,2021-05-24,0.531880989199363
1609,2021-05-25,-1.2111399113026022
1610,2021-05-26,0.5413143302449506
1611,2021-05-27,0.34171857063415134
1612,2021-05-28,-0.6798456929622589
1613,2021-06-01,-0.5819623422177349
1614,2021-06-02,-0.9544832404487242
1615,2021-06-03,-0.11449263122360404
1616,2021-06-04,0.7676795696113543
1617,2021-06-07,0.009081334753218847
1618,2021-06-08,-0.16177652169067036
1619,2021-06-09,-0.20130196994713084
1620,2021-06-10,-0.2042890197970385
1621,2021-06-11,0.4247198184260041
1622,2021-06-14,0.027214779256687197
1623,2021-06-15,-0.9390140237713749
1624,2021-06-16,-0.49527286940439397
1625,2021-06-17,-0.336980585433824
1626,2021-06-18,-0.25287327152979333
1627,2021-06-21,0.9388744745720365
1628,2021-06-22,0.28967522128649537
1629,2021-06-23,-0.0942691333031202
1630,2021-06-24,0.6579983899548169
1631,2021-06-25,0.20727307151100732
1632,2021-06-28,-0.17159687942058402
1633,2021-06-29,-0.5216962701293781
1634,2021-06-30,0.3395849774790659
1635,2021-07-01,0.7200409065878663
1636,2021-07-02,-0.23336365926033417
1637,2021-07-06,-1.0250898793498924
1638,2021-07-07,-0.4124188033480392
1639,2021-07-08,-0.05507935684362644
1640,2021-07-09,1.0099325282949112
1641,2021-07-12,0.7599484453263059
1642,2021-07-13,-0.7983659321142667
1643,2021-07-14,-0.5548823144191342
1644,2021-07-15,-0.4718529272588556
1645,2021-07-16,-1.318186856396322
1646,2021-07-19,-0.7935615376292255
1647,2021-07-20,0.352725391953345
1648,2021-07-21,0.8885830321874675
1649,2021-07-22,-0.44113137837476707
1650,2021-07-23,0.7895305934561936
1651,2021-07-26,0.9171954122915534
1652,2021-07-27,-0.5608313966282863
1653,2021-07-28,-0.19398393759805926
1654,2021-07-29,-0.4393264556812536
1655,2021-07-30,0.042819694970814476
1656,2021-08-02,-0.37118067274226724
1657,2021-08-03,-1.2511743629327126
1658,2021-08-04,-0.0963747521573763
1659,2021-08-05,1.0887478702817788
1660,2021-08-06,-0.5992717835272299
1661,2021-08-09,-0.35926394095499764
1662,2021-08-10,0.37501005608193444
1663,2021-08-11,0.25953595218316744
1664,2021-08-12,-0.2277536646722929
1665,2021-08-13,-0.8130687551170293
1666,2021-08-16,0.48377366177944836
1667,2021-08-17,0.18571373130091692
1668,2021-08-18,-0.7040795744929831
1669,2021-08-19,0.024326465690267026
1670,2021-08-20,0.8118096557005728
1671,2021-08-23,1.004346068796744
1672,2021-08-24,0.15155300271258376
1673,2021-08-25,-0.15564496230740746
1674,2021-08-26,-0.9189327648735919
1675,2021-08-27,1.3667257752763364
1676,2021-08-30,-0.19926219713110704
1677,2021-08-31,0.8499120318114076
1678,2021-09-01,-0.013690584438511223
1679,2021-09-02,-0.05189476271017401
1680,2021-09-03,-0.08710735653398562
1681,2021-09-07,-0.27662590205102994
1682,2021-09-08,-0.546980642663232
1683,2021-09-09,-0.4298568766339296
1684,2021-09-10,-0.7427742684299328
1685,2021-09-13,-0.06342756650228148
1686,2021-09-14,-1.6198196408169623
1687,2021-09-15,0.9837992310240822
1688,2021-09-16,0.34216409940338316
1689,2021-09-17,-0.2759114818221631
1690,2021-09-20,-0.6420679203997925
1691,2021-09-21,-1.3765294859026438
1692,2021-09-22,0.8665833090786476
1693,2021-09-23,0.7848469719127954
1694,2021-09-24,1.1306436206944264
1695,2021-09-27,0.8625461935646956
1696,2021-09-28,-1.1265707689501918
1697,2021-09-29,-0.12086809826322788
1698,2021-09-30,-0.7924554088075354
1699,2021-10-01,1.3417449062167963
1700,2021-10-04,-0.6796221715306153
1701,2021-10-05,1.0428185757797885
1702,2021-10-06,0.6848164356676664
1703,2021-10-07,0.10781672345516996
1704,2021-10-08,-0.7715101807995876
1705,2021-10-11,-1.10723285084462
1706,2021-10-12,-0.5299546089457086
1707,2021-10-13,-0.0817609292723703
1708,2021-10-14,0.3092830134754745
1709,2021-10-15,-0.6603518323662727
1710,2021-10-18,0.27247605963311544
1711,2021-10-19,0.34337585612871036
1712,2021-10-20,0.5671268148575161
1713,2021-10-21,0.15183360210317698
1714,2021-10-22,-0.3199480130329212
1715,2021-10-25,-0.008448650198702324
1716,2021-10-26,-0.8952962784120764
1717,2021-10-27,-1.5535662907243422
1718,2021-10-28,0.7035108196157108
1719,2021-10-29,-0.2850587831747586
1720,2021-11-01,0.7996669018540113
1721,2021-11-02,-0.10612392980098231
1722,2021-11-03,0.8929450692068929
1723,2021-11-04,-0.11623011335028845
1724,2021-11-05,0.10772990951336146
1725,2021-11-08,-1.1910819685329797
1726,2021-11-09,-0.34246739618124544
1727,2021-11-10,-0.15854566388314495
1728,2021-11-11,0.37143731376933803
1729,2021-11-12,-0.09952427136388232
1730,2021-11-15,-0.26888163710988294
1731,2021-11-16,-0.4012036901887178
1732,2021-11-17,-0.08822675024285755
1733,2021-11-18,-1.2148868153396406
1734,2021-11-19,-1.3800171055799395
1735,2021-11-22,-0.8892723349418407
1736,2021-11-23,-0.07766925244401007
1737,2021-11-24,0.10423955633507923
1738,2021-11-26,-0.0748787883570176
1739,2021-11-29,-0.37996766582150754
1740,2021-11-30,-2.1342204228446726
1741,2021-12-01,-3.8007718467261493
1742,2021-12-02,1.9985513207557994
1743,2021-12-03,0.17508350343617643
1744,2021-12-06,0.4322118092787251
1745,2021-12-07,-0.3930578328190158
1746,2021-12-08,0.37659735789033866
1747,2021-12-09,-0.6815800554500123
1748,2021-12-10,-0.46383874640896394
1749,2021-12-13,-0.6916328512263679
1750,2021-12-14,0.4652104017083874
1751,2021-12-15,0.700590634665411
1752,2021-12-16,0.24156786281707665
1753,2021-12-17,0.20037251885587007
1754,2021-12-20,0.5203503153107648
1755,2021-12-21,1.5773596466161874
1756,2021-12-22,0.39682156670818175
1757,2021-12-23,0.8888639254482119
1758,2021-12-27,0.44686190467884734
1759,2021-12-28,0.10991711272568093
1760,2021-12-29,-0.5579362558774531
1761,2021-12-30,0.34413866582917196
1762,2021-12-31,-1.1263945453947022
1763,2022-01-03,1.1974354389788529
1764,2022-01-04,-0.14866907731449563
1765,2022-01-05,-2.4115043710151443
1766,2022-01-06,0.27135316569549023
1767,2022-01-07,0.48984345628311116
1768,2022-01-10,-0.7281388551427685
1769,2022-01-11,0.7523866197524682
1770,2022-01-12,0.007813251927550356
1771,2022-01-13,-0.34572853678276455
1772,2022-01-14,1.113856597414834
1773,2022-01-18,-1.4360920982277046
1774,2022-01-19,-0.5989824944468697
1775,2022-01-20,-1.6044440174482337
1776,2022-01-21,-1.427867810280578
1777,2022-01-24,2.432482900839334
1778,2022-01-25,-0.18272269083773665
1779,2022-01-26,-2.9341887955932773
1780,2022-01-27,-0.5150966188562597
1781,2022-01-28,3.3288478641348735
1782,2022-01-31,2.278858341981706
1783,2022-02-01,0.7295921800804478
1784,2022-02-02,0.603304456558763
1785,2022-02-03,0.01869195964634426
1786,2022-02-04,0.5682360926774408
1787,2022-02-07,-0.9273358465896515
1788,2022-02-08,0.6810147926286506
1789,2022-02-09,1.7644350572604248
1790,2022-02-10,0.38129260960099104
1791,2022-02-11,-1.6681913583024306
1792,2022-02-14,-0.3823722531857204
1793,2022-02-15,0.8917094401902947
1794,2022-02-16,0.5516073320912679
1795,2022-02-17,-1.2642376783244134
1796,2022-02-18,-0.9512385540568562
1797,2022-02-22,-0.6484456428283627
1798,2022-02-23,-2.211241283837285
1799,2022-02-24,4.755630315874554
1800,2022-02-25,1.5685610615398111
1801,2022-02-28,1.0817027566424438
1802,2022-03-01,-0.931506865332736
1803,2022-03-02,1.448637993921972
1804,2022-03-03,-1.758269413021607
1805,2022-03-04,-1.3607256449150336
1806,2022-03-07,-3.2868755941293673
1807,2022-03-08,-0.3731684993944844
1808,2022-03-09,-0.08801356833436587
1809,2022-03-10,0.3717769103203526
1810,2022-03-11,-2.8551537944654246
1811,2022-03-14,-0.7499261900241987
1812,2022-03-15,1.205729895007667
1813,2022-03-16,1.8066552184709785
1814,2022-03-17,1.5294589433034695
1815,2022-03-18,1.2025132370297937
1816,2022-03-21,-0.5636268290482538
1817,2022-03-22,1.2097203655782542
1818,2022-03-23,-0.855472082630357
1819,2022-03-24,0.874886882291756
1820,2022-03-25,0.4544224823704031
1821,2022-03-28,-0.18552874035592123
1822,2022-03-29,0.7201274908446315
1823,2022-03-30,-0.4526124593682877
1824,2022-03-31,-1.786174378053049
1825,2022-04-01,-0.4985490032149039
1826,2022-04-04,1.5473353649730015
1827,2022-04-05,-1.2247420080236573
1828,2022-04-06,-0.6695373231143744
1829,2022-04-07,-0.9498451949415131
1830,2022-04-08,0.3157148877073481
1831,2022-04-11,-0.21830727014545215
1832,2022-04-12,-1.400323411508882
1833,2022-04-13,1.6966478305242108
1834,2022-04-14,-1.4545407492601574
1835,2022-04-18,-0.6159523501172802
1836,2022-04-19,2.5460587455189687
1837,2022-04-20,-1.765391156753457
1838,2022-04-21,-3.0412971700566813
1839,2022-04-22,-1.8129261918547954
1840,2022-04-25,1.1448098568344525
1841,2022-04-26,-2.6186076900050215
1842,2022-04-27,-0.831924016233317
1843,2022-04-28,0.09403818121344319
1844,2022-04-29,-2.7905624717343076
1845,2022-05-02,1.8442153488940392
1846,2022-05-03,0.18927410913423043
1847,2022-05-04,3.632559364788905
1848,2022-05-05,-2.3523343505056427
1849,2022-05-06,-2.5727236491002348
1850,2022-05-09,-1.0677902345381758
1851,2022-05-10,-1.2919386801239439
1852,2022-05-11,-1.1035197172052689
1853,2022-05-12,2.4738668075922963
1854,2022-05-13,2.0375497407287835
1855,2022-05-16,-0.5794363943116121
1856,2022-05-17,0.9122389953962698
1857,2022-05-18,-1.961959002361739
1858,2022-05-19,0.8351142645923193
1859,2022-05-20,-0.8614403626535573
1860,2022-05-23,0.5249237429510807
1861,2022-05-24,-1.2174478032698663
1862,2022-05-25,2.230197500366167
1863,2022-05-26,1.7714543586201748
1864,2022-05-27,1.7615240826693794
1865,2022-05-31,-0.011656328953593437
1866,2022-06-01,-1.8883968103395645
1867,2022-06-02,2.1276694360571717
1868,2022-06-03,-0.8922148071662632
1869,2022-06-06,-0.8361798186121661
1870,2022-06-07,1.8911817665682966
1871,2022-06-08,-0.31616928882218853
1872,2022-06-09,-2.198927439015393
1873,2022-06-10,-0.8832261047572029
1874,2022-06-13,-2.412292834951485
1875,2022-06-14,-0.8247381908440464
1876,2022-06-15,1.0456952514190188
1877,2022-06-16,-1.4241969916495003
1878,2022-06-17,0.8666484837610614
1879,2022-06-21,-0.6375764251569802
1880,2022-06-22,0.9243436860812504
1881,2022-06-23,0.5092353232026304
1882,2022-06-24,2.4787551861002943
1883,2022-06-27,-0.9698028970813006
1884,2022-06-28,-2.8697453565434015
1885,2022-06-29,-0.15267807629730268
1886,2022-06-30,0.24260737828996007
1887,2022-07-01,2.0039404589314596
1888,2022-07-05,2.8128345824686054
1889,2022-07-06,-0.4494030524454742
1890,2022-07-07,0.9765429268093111
1891,2022-07-08,-0.15214373350041488
1892,2022-07-11,-1.446997606061161
1893,2022-07-12,0.3948847814403198
1894,2022-07-13,1.157337415530674
1895,2022-07-14,0.14248891971246935
1896,2022-07-15,1.3946358370138952
1897,2022-07-18,-0.8116710601985072
1898,2022-07-19,2.0685016690538442
1899,2022-07-20,1.125054264503105
1900,2022-07-21,0.9560479944361622
1901,2022-07-22,-0.6773159955212719
1902,2022-07-25,-0.1937742520072887
1903,2022-07-26,-1.1265800479458106
1904,2022-07-27,1.905918972013366
1905,2022-07-28,0.9948802452799318
1906,2022-07-29,0.07686238972431679
1907,2022-08-01,0.7743211361661309
1908,2022-08-02,0.48256435126332564
1909,2022-08-03,1.9180064659763294
1910,2022-08-04,0.6696137614981019
1911,2022-08-05,0.5974776766532668
1912,2022-08-08,-0.027177376503284154
1913,2022-08-09,-1.1608524379540957
1914,2022-08-10,0.19281259532395917
1915,2022-08-11,-0.3091968827107166
1916,2022-08-12,0.60093112222075
1917,2022-08-15,0.8902530466419768
1918,2022-08-16,1.2523807938764269
1919,2022-08-17,-0.7921712696970661
1920,2022-08-18,-0.18345197051121043
1921,2022-08-19,-0.2889452445290553
1922,2022-08-22,-1.9266583047748436
1923,2022-08-23,-0.4296422259840174
1924,2022-08-24,0.6112079272947015
1925,2022-08-25,1.2661828125832757
1926,2022-08-26,-2.6688388333450264
1927,2022-08-29,0.08147107602911764
1928,2022-08-30,-1.3268351023886558
1929,2022-08-31,-1.4886957255100768
1930,2022-09-01,0.8276084385393475
1931,2022-09-02,-2.0733991813662316
1932,2022-09-06,-1.6618195019076205
1933,2022-09-07,2.0100053764692327
1934,2022-09-08,0.7645199857083955
1935,2022-09-09,2.12876695490143
1936,2022-09-12,0.6023502833602524
1937,2022-09-13,-2.036649958975699
1938,2022-09-14,-0.08034139715882338
1939,2022-09-15,0.7180969412275435
1940,2022-09-16,-0.8917545033858008
1941,2022-09-19,1.3814568307907573
1942,2022-09-20,-0.6483688036800435
1943,2022-09-21,-3.4583298144087498
1944,2022-09-22,-1.1679322670975447
1945,2022-09-23,-1.1809133858807432
1946,2022-09-26,-1.3499461348275033
1947,2022-09-27,-1.4004435557583064
1948,2022-09-28,2.61262444998991
1949,2022-09-29,-1.1286199295579857
1950,2022-09-30,-1.0358184335531317
1951,2022-10-03,1.7990604611024594
1952,2022-10-04,1.6460657190376196
1953,2022-10-05,0.6812765309875366
1954,2022-10-06,-0.7867213403205391
1955,2022-10-07,-1.1843046957724648
1956,2022-10-10,-0.7464640400344812
1957,2022-10-11,-1.2114274472555544
1958,2022-10-12,0.13445097211762877
1959,2022-10-13,4.859434734864218
1960,2022-10-14,-2.4173407871271113
1961,2022-10-17,0.330812616697636
1962,2022-10-18,-0.8275727266170562
1963,2022-10-19,-0.35004731117320903
1964,2022-10-20,-0.08209657835763298
1965,2022-10-21,2.3292038054173947
1966,2022-10-24,-0.13233085478289935
1967,2022-10-25,2.098599128749726
1968,2022-10-26,-1.010073551596375
1969,2022-10-27,-1.757009996653847
1970,2022-10-28,1.8040725754710698
1971,2022-10-31,-0.6320221714978839
1972,2022-11-01,-1.1681837601919351
1973,2022-11-02,-2.2602786848323557
1974,2022-11-03,-0.8826884003670994
1975,2022-11-04,-1.5228636059469556
1976,2022-11-07,0.3483915327378437
1977,2022-11-08,0.4943642137252168
1978,2022-11-09,-0.27535477016515625
1979,2022-11-10,1.6704360197062593
1980,2022-11-11,3.274335688709509
1981,2022-11-14,-0.4079939964916866
1982,2022-11-15,-0.7312606840982302
1983,2022-11-16,-0.847661514310031
1984,2022-11-17,1.2990026276283464
1985,2022-11-18,-1.5314804327449723
1986,2022-11-21,-0.9309564765793908
1987,2022-11-22,1.411315873057215
1988,2022-11-23,1.4546229386257892
1989,2022-11-25,0.1783988815097541
1990,2022-11-28,-0.8379272224199927
1991,2022-11-29,0.5880510254756479
1992,2022-11-30,3.7162515159629232
1993,2022-12-01,0.08617901464462183
1994,2022-12-02,1.4733284856537852
1995,2022-12-05,-1.3472444063549647
1996,2022-12-06,-2.784178801023898
1997,2022-12-07,-0.29931678064555095
1998,2022-12-08,-0.2992796016357675
1999,2022-12-09,0.5604176585625147
2000,2022-12-12,1.047815306817957
2001,2022-12-13,-1.5861478449205733
2002,2022-12-14,-0.1981674264556019
2003,2022-12-15,-2.47230101076746
2004,2022-12-16,0.08477930914221331
2005,2022-12-19,-1.941614553872276
2006,2022-12-20,0.8510344919918744
2007,2022-12-21,0.8685086424650019
2008,2022-12-22,0.7695781555754956
2009,2022-12-23,1.0686420689456364
2010,2022-12-27,-0.3246416033534798
2011,2022-12-28,-1.2575241988839678
2012,2022-12-29,1.620781329089455
2013,2022-12-30,1.3071232036354758
2014,2023-01-03,-0.44818191149468395
2015,2023-01-04,1.835501435523436
2016,2023-01-05,0.3869337639677376
2017,2023-01-06,0.7886431019126562
2018,2023-01-09,-0.02782427442106686
2019,2023-01-10,1.925322296825919
2020,2023-01-11,0.15288862090424946
2021,2023-01-12,0.42132815681595076
2022,2023-01-13,0.9937453053364563
2023,2023-01-17,-0.32073273939685837
2024,2023-01-18,-1.607764957223359
2025,2023-01-19,0.5025473130907612
2026,2023-01-20,2.275533553866478
2027,2023-01-23,1.7920025327785432
2028,2023-01-24,0.5146267961539238
2029,2023-01-25,1.678856161809358
2030,2023-01-26,0.7604775021011456
2031,2023-01-27,0.37840197869050557
2032,2023-01-30,-0.27288547959087417
2033,2023-01-31,1.0753452691965966
2034,2023-02-01,1.961476043110168
2035,2023-02-02,1.5293472450541719
2036,2023-02-03,-0.364222957521429
2037,2023-02-06,-0.2558765635526808
2038,2023-02-07,1.3899345595010588
2039,2023-02-08,-0.9228571751052737
2040,2023-02-09,-2.7554912883652616
2041,2023-02-10,-0.8937430218726995
2042,2023-02-13,1.1141037163845289
2043,2023-02-14,0.5305293554010847
2044,2023-02-15,2.111223421731669
2045,2023-02-16,0.30448297402907953
2046,2023-02-17,0.4607583801777833
2047,2023-02-21,-1.2091971845286165
2048,2023-02-22,0.5396814510450726
2049,2023-02-23,-0.4551975921970685
2050,2023-02-24,-0.22960745334954502
2051,2023-02-27,-0.36394131046090406
2052,2023-02-28,-0.35940393708887647
2053,2023-03-01,-0.4278699360458505
2054,2023-03-02,1.6402874079597354
2055,2023-03-03,0.2872531003874668
2056,2023-03-06,-1.1372145190024596
2057,2023-03-07,-1.3960187756697455
2058,2023-03-08,-0.07048157335146298
2059,2023-03-09,-2.702685329832631
2060,2023-03-10,-1.345815945375364
2061,2023-03-13,0.11688587413753267
2062,2023-03-14,0.2261677573802876
2063,2023-03-15,1.3471809865050446
2064,2023-03-16,2.2383250737748757
2065,2023-03-17,-0.31159478412460595
2066,2023-03-20,1.0817392730440951
2067,2023-03-21,0.9133761621983809
2068,2023-03-22,-2.071789902986397
2069,2023-03-23,0.5399986965252771
2070,2023-03-24,0.40617358839539097
2071,2023-03-27,0.16240758926721102
2072,2023-03-28,-0.4006772080434169
2073,2023-03-29,0.18148518672120154
2074,2023-03-30,-0.10835449614138337
2075,2023-03-31,1.3760278583895007
2076,2023-04-03,0.543021643734019
2077,2023-04-04,-0.19296558558886104
2078,2023-04-05,-0.08235272606223602
2079,2023-04-06,0.5856365807293894
2080,2023-04-10,1.1912532560937494
2081,2023-04-11,0.0011702747040519242
2082,2023-04-12,-2.1156607181416436
2083,2023-04-13,0.9715828463115387
2084,2023-04-14,-0.3028760461866407
2085,2023-04-17,0.7617412070869619
2086,2023-04-18,-0.8518343066845003
2087,2023-04-19,0.3702303733284751
2088,2023-04-20,-0.16578811636492513
2089,2023-04-21,0.38548084096389235
2090,2023-04-24,-0.555037070705492
2091,2023-04-25,-0.8563971830595918
2092,2023-04-26,-0.9796930086797686
2093,2023-04-27,2.3371338938788444
2094,2023-04-28,1.9159465024622135
2095,2023-05-01,-0.23307533585390813
2096,2023-05-02,-1.4944490890531186
2097,2023-05-03,-1.180238918031562
2098,2023-05-04,-1.3745182282317654
2099,2023-05-05,1.410922223381894
2100,2023-05-08,0.7558941291468003
2101,2023-05-09,-0.8253333630383476
2102,2023-05-10,-1.0263519612107195
2103,2023-05-11,0.0823847060312586
2104,2023-05-12,-0.03246166402862633
2105,2023-05-15,0.8045316697340865
2106,2023-05-16,-0.7901534783664456
2107,2023-05-17,1.0973969582015197
2108,2023-05-18,1.167746074583935
2109,2023-05-19,-0.8842285557847457
2110,2023-05-22,0.19085613548998745
2111,2023-05-23,-0.6247941670294822
2112,2023-05-24,-0.41246740801748005
2113,2023-05-25,-0.9732854673600752
2114,2023-05-26,1.1833253812554156
2115,2023-05-30,-0.06781299221138566
2116,2023-05-31,-0.3585768527227138
2117,2023-06-01,0.896944258452988
2118,2023-06-02,0.747064721269568
2119,2023-06-05,0.1816389733369521
2120,2023-06-06,0.95359908752216
2121,2023-06-07,0.526833082451627
2122,2023-06-08,0.8397182742541993
2123,2023-06-09,-0.18162198494600856
2124,2023-06-12,0.44342081070080464
2125,2023-06-13,-0.025589748130160107
2126,2023-06-14,-0.13106622055287057
2127,2023-06-15,1.156334138364625
2128,2023-06-16,-1.1261807162494846
2129,2023-06-20,-0.7675749797935169
2130,2023-06-21,-0.046399548676614284
2131,2023-06-22,-0.04777403303812388
2132,2023-06-23,0.1728211425559549
2133,2023-06-26,0.4262312266077226
2134,2023-06-27,1.720636173024493
2135,2023-06-28,0.5055352647153702
2136,2023-06-29,0.14948088161937975
2137,2023-06-30,-0.08246804675221801
2138,2023-07-03,1.0442437641904905
2139,2023-07-05,0.22672080362873007
2140,2023-07-06,0.3758704511015491
2141,2023-07-07,0.5048939419844888
2142,2023-07-10,0.17302845265530958
2143,2023-07-11,1.5194484949162756
2144,2023-07-12,-0.5593411755195877
2145,2023-07-13,0.4406979521375875
2146,2023-07-14,-0.7894145175379382
2147,2023-07-17,-0.3707615922062583
2148,2023-07-18,1.0754828890595363
2149,2023-07-19,-0.35159943904582
2150,2023-07-20,-0.43417772859510556
2151,2023-07-21,-1.2594235167525591
2152,2023-07-24,-0.18096259228024714
2153,2023-07-25,-0.34520972350305673
2154,2023-07-26,0.17864881847776928
2155,2023-07-27,-1.6383405562541768
2156,2023-07-28,-0.23999151653583753
2157,2023-07-31,0.7680749811737069
2158,2023-08-01,-0.12129151535371138
2159,2023-08-02,-0.9312112340394963
2160,2023-08-03,0.027338670150120793
2161,2023-08-04,0.0332638709153651
2162,2023-08-07,0.6143387787459725
2163,2023-08-08,0.5740085872118947
2164,2023-08-09,-0.7886134712593788
2165,2023-08-10,-0.5861354577895547
2166,2023-08-11,0.49525550687661685
2167,2023-08-14,0.4522515810203915
2168,2023-08-15,-0.04572919895471364
2169,2023-08-16,-0.5235690737524192
2170,2023-08-17,-1.5321960187598795
2171,2023-08-18,0.7681160751887256
2172,2023-08-21,0.0841134543808958
2173,2023-08-22,-0.11109445467394768
2174,2023-08-23,0.869227637312197
2175,2023-08-24,-1.3827723890830954
2176,2023-08-25,-0.137098302493365
2177,2023-08-28,0.5546676401473807
2178,2023-08-29,1.4870371599307461
2179,2023-08-30,0.31070478478032904
2180,2023-08-31,-0.12159101832808261
2181,2023-09-01,-2.020988247776087
2182,2023-09-05,-0.08124738207796611
2183,2023-09-06,-0.12818722758105652
2184,2023-09-07,-0.36300272204043177
2185,2023-09-08,0.41322273898610473
2186,2023-09-11,0.5320405650175808
2187,2023-09-12,-0.29665204935792705
2188,2023-09-13,-1.043198771310123
2189,2023-09-14,0.7598245536431065
2190,2023-09-15,-0.6218967349294404
2191,2023-09-18,-0.5123932812046156
2192,2023-09-19,0.2099742025636633
2193,2023-09-20,-1.539962304950624
2194,2023-09-21,-0.0844490233491305
2195,2023-09-22,-1.237380169772068
2196,2023-09-25,0.2272256629006028
2197,2023-09-26,0.022342686415366467
2198,2023-09-27,0.02333771412371671
2199,2023-09-28,0.8385401497389663
2200,2023-09-29,-0.6287549865519492
2201,2023-10-02,-0.2864157527854249
2202,2023-10-03,-1.0407913508838478
2203,2023-10-04,0.6013624111204083
2204,2023-10-05,-0.2213899941203266
2205,2023-10-06,2.0986201102203146
2206,2023-10-09,1.579601295946955
2207,2023-10-10,0.7259395437568092
2208,2023-10-11,0.024783921449519495
2209,2023-10-12,-1.3869462089381437
2210,2023-10-13,-0.5405897751289367
2211,2023-10-16,1.3516465902236776
2212,2023-10-17,0.983150761026081
2213,2023-10-18,-1.1795052723169763
2214,2023-10-19,-1.630536482253948
2215,2023-10-20,-0.9304249217158762
2216,2023-10-23,0.09808030125381487
2217,2023-10-24,0.27369954266823127
2218,2023-10-25,-1.8780878044970826
2219,2023-10-26,-0.49888087264118364
2220,2023-10-27,-0.9148077877591843
2221,2023-10-30,0.9480111387218824
2222,2023-10-31,0.8198285965711438
2223,2023-11-01,0.40395234969386723
2224,2023-11-02,1.520204140438279
